{"cameraMode":{"drawMode":0,"name":"Shaded","section":"Shading Mode"},"sceneLighting":true,"audioPlay":false,"sceneViewState":{"showFog":true,"showMaterialUpdate":false,"showSkybox":true,"showFlares":true,"showImageEffects":true,"showParticleSystems":true},"in2DMode":false,"pivot":{"x":2.8699471950531008,"y":-0.16546709835529328,"z":8.58203125},"rotation":{"x":0.25846514105796816,"y":0.35610824823379519,"z":-0.10314814746379852,"w":0.8920844793319702},"size":45.18465805053711,"orthographic":true}