{"cameraMode":{"drawMode":0,"name":"Shaded","section":"Shading Mode"},"sceneLighting":true,"audioPlay":false,"sceneViewState":{"showFog":true,"showMaterialUpdate":false,"showSkybox":true,"showFlares":true,"showImageEffects":true,"showParticleSystems":true},"in2DMode":false,"pivot":{"x":102.3659439086914,"y":-47.996116638183597,"z":-16.456485748291017},"rotation":{"x":0.142075315117836,"y":0.7781221866607666,"z":-0.18985438346862794,"w":0.5817155838012695},"size":74.79730987548828,"orthographic":false}