{"cameraMode":{"drawMode":0,"name":"Shaded","section":"Shading Mode"},"sceneLighting":true,"audioPlay":false,"sceneViewState":{"showFog":true,"showMaterialUpdate":false,"showSkybox":true,"showFlares":true,"showImageEffects":true,"showParticleSystems":true},"in2DMode":false,"pivot":{"x":14.956056594848633,"y":1.789886474609375,"z":4.04345703125},"rotation":{"x":0.1794656366109848,"y":-0.27116674184799197,"z":0.051500335335731509,"w":0.9442735910415649},"size":17.537643432617189,"orthographic":false}