{"cameraMode":{"drawMode":0,"name":"Shaded","section":"Shading Mode"},"sceneLighting":true,"audioPlay":false,"sceneViewState":{"showFog":true,"showMaterialUpdate":false,"showSkybox":true,"showFlares":true,"showImageEffects":true,"showParticleSystems":true},"in2DMode":false,"pivot":{"x":40.09418869018555,"y":127.79137420654297,"z":-174.07455444335938},"rotation":{"x":0.30385246872901919,"y":-0.09979499131441117,"z":0.03202260658144951,"w":0.9469398856163025},"size":26.310009002685548,"orthographic":true}