{"cameraMode":{"drawMode":0,"name":"Shaded","section":"Shading Mode"},"sceneLighting":true,"audioPlay":false,"sceneViewState":{"showFog":true,"showMaterialUpdate":false,"showSkybox":true,"showFlares":true,"showImageEffects":true,"showParticleSystems":true},"in2DMode":false,"pivot":{"x":-0.3702125549316406,"y":1.124887466430664,"z":0.5126304626464844},"rotation":{"x":0.34648174047470095,"y":-0.2661691904067993,"z":0.10320793837308884,"w":0.8935815095901489},"size":13.442526817321778,"orthographic":false}