{"cameraMode":{"drawMode":0,"name":"Shaded","section":"Shading Mode"},"sceneLighting":false,"audioPlay":false,"sceneViewState":{"showFog":true,"showMaterialUpdate":false,"showSkybox":false,"showFlares":true,"showImageEffects":true,"showParticleSystems":true},"in2DMode":false,"pivot":{"x":-0.8699865341186523,"y":1.5399999618530274,"z":1.7759838104248047},"rotation":{"x":0.0667155385017395,"y":-0.5967226624488831,"z":0.04988216608762741,"w":0.7981240749359131},"size":0.17320512235164643,"orthographic":false}